CRIM,ZN,INDUS,CHAS,NOX,RM,AGE,DIS,RAD,TAX,PTRATIO,B,LSTAT
0.00632,18.0,2.31,0,0.538,6.575,65.2,4.09,1,296,15.3,396.9,4.98
0.02731,0.0,7.07,0,0.469,6.421,78.9,4.9671,2,242,17.8,396.9,9.14
0.02985,0.0,2.18,0,0.458,6.43,58.7,6.0622,3,222,18.7,394.12,5.21
0.08829,12.5,7.87,0,0.524,6.012,66.6,5.5605,5,311,15.2,395.6,12.43
0.14455,12.5,7.87,0,0.524,6.172,96.1,5.9505,5,311,15.2,396.9,19.15
0.17004,12.5,7.87,0,0.524,6.004,85.9,6.5921,5,311,15.2,386.71,17.1
0.22489,12.5,7.87,0,0.524,6.377,94.3,6.3467,5,311,15.2,392.52,20.45
0.11747,12.5,7.87,0,0.524,6.009,82.9,6.2267,5,311,15.2,396.9,13.27
0.09378,12.5,7.87,0,0.524,5.889,39.0,5.4509,5,311,15.2,390.5,15.71
0.62976,0.0,8.14,0,0.538,5.949,61.8,4.7075,4,307,21.0,396.9,8.26
0.63796,0.0,8.14,0,0.538,6.096,84.5,4.4619,4,307,21.0,380.02,10.26
0.62739,0.0,8.14,0,0.538,5.834,56.5,4.4986,4,307,21.0,395.62,8.47
1.05393,0.0,8.14,0,0.538,5.935,29.3,4.4986,4,307,21.0,386.85,6.58
0.7842,0.0,8.14,0,0.538,5.99,81.7,4.2579,4,307,21.0,386.75,14.67
0.7258,0.0,8.14,0,0.538,5.727,69.5,3.7965,4,307,21.0,390.95,11.28
1.25179,0.0,8.14,0,0.538,5.57,98.1,3.7979,4,307,21.0,376.57,21.02
0.85204,0.0,8.14,0,0.538,5.965,89.2,4.0123,4,307,21.0,392.53,13.83
1.23247,0.0,8.14,0,0.538,6.142,91.7,3.9769,4,307,21.0,396.9,18.72
0.98843,0.0,8.14,0,0.538,5.813,100.0,4.0952,4,307,21.0,394.54,19.88
0.75026,0.0,8.14,0,0.538,5.924,94.1,4.3996,4,307,21.0,394.33,16.3
0.67191,0.0,8.14,0,0.538,5.813,90.3,4.682,4,307,21.0,376.88,14.81
0.77299,0.0,8.14,0,0.538,6.495,94.4,4.4547,4,307,21.0,387.94,12.8
1.00245,0.0,8.14,0,0.538,6.674,87.3,4.239,4,307,21.0,380.23,11.98
1.35472,0.0,8.14,0,0.538,6.072,100.0,4.175,4,307,21.0,376.73,13.04
0.06417,0.0,5.96,0,0.499,5.933,68.2,3.3603,5,279,19.2,396.9,9.68
0.09744,0.0,5.96,0,0.499,5.841,61.4,3.3779,5,279,19.2,377.56,11.41
0.08014,0.0,5.96,0,0.499,5.85,41.5,3.9342,5,279,19.2,396.9,8.77
0.17505,0.0,5.96,0,0.499,5.966,30.2,3.8473,5,279,19.2,393.43,10.13
0.12744,0.0,6.91,0,0.448,6.77,2.9,5.7209,3,233,17.9,385.41,4.84
0.1415,0.0,6.91,0,0.448,6.169,6.6,5.7209,3,233,17.9,383.37,5.81
0.15936,0.0,6.91,0,0.448,6.211,6.5,5.7209,3,233,17.9,394.46,7.44
0.12269,0.0,6.91,0,0.448,6.069,40.0,5.7209,3,233,17.9,389.39,9.55
0.17142,0.0,6.91,0,0.448,5.682,33.8,5.1004,3,233,17.9,396.9,10.21
0.18836,0.0,6.91,0,0.448,5.786,33.3,5.1004,3,233,17.9,396.9,14.15
0.22927,0.0,6.91,0,0.448,6.03,85.5,5.6894,3,233,17.9,392.74,18.8
0.21977,0.0,6.91,0,0.448,5.602,62.0,6.0877,3,233,17.9,396.9,16.2
0.08873,21.0,5.64,0,0.439,5.963,45.7,6.8147,4,243,16.8,395.56,13.45
0.04337,21.0,5.64,0,0.439,6.115,63.0,6.8147,4,243,16.8,393.97,9.43
0.0536,21.0,5.64,0,0.439,6.511,21.1,6.8147,4,243,16.8,396.9,5.28
0.04981,21.0,5.64,0,0.439,5.998,21.4,6.8147,4,243,16.8,396.9,8.43
0.15445,25.0,5.13,0,0.453,6.145,29.2,7.8148,8,284,19.7,390.68,6.86
0.10328,25.0,5.13,0,0.453,5.927,47.2,6.932,8,284,19.7,396.9,9.22
0.14932,25.0,5.13,0,0.453,5.741,66.2,7.2254,8,284,19.7,395.11,13.15
0.17171,25.0,5.13,0,0.453,5.966,93.4,6.8185,8,284,19.7,378.08,14.44
0.11027,25.0,5.13,0,0.453,6.456,67.8,7.2255,8,284,19.7,396.9,6.73
0.1265,25.0,5.13,0,0.453,6.762,43.4,7.9809,8,284,19.7,395.58,9.5
0.01951,17.5,1.38,0,0.4161,7.104,59.5,9.2229,3,216,18.6,393.24,8.05
0.05789,12.5,6.07,0,0.409,5.878,21.4,6.498,4,345,18.9,396.21,8.1
0.13554,12.5,6.07,0,0.409,5.594,36.8,6.498,4,345,18.9,396.9,13.09
0.12816,12.5,6.07,0,0.409,5.885,33.0,6.498,4,345,18.9,396.9,8.79
0.08826,0.0,10.81,0,0.413,6.417,6.6,5.2873,4,305,19.2,383.73,6.72
0.15876,0.0,10.81,0,0.413,5.961,17.5,5.2873,4,305,19.2,376.94,9.88
0.09164,0.0,10.81,0,0.413,6.065,7.8,5.2873,4,305,19.2,390.91,5.52
0.19539,0.0,10.81,0,0.413,6.245,6.2,5.2873,4,305,19.2,377.17,7.54
0.07896,0.0,12.83,0,0.437,6.273,6.0,4.2515,5,398,18.7,394.92,6.78
0.09512,0.0,12.83,0,0.437,6.286,45.0,4.5026,5,398,18.7,383.23,8.94
0.10153,0.0,12.83,0,0.437,6.279,74.5,4.0522,5,398,18.7,373.66,11.97
0.08707,0.0,12.83,0,0.437,6.14,45.8,4.0905,5,398,18.7,386.96,10.27
0.05646,0.0,12.83,0,0.437,6.232,53.7,5.0141,5,398,18.7,386.4,12.34
0.08387,0.0,12.83,0,0.437,5.874,36.6,4.5026,5,398,18.7,396.06,9.1
0.04113,25.0,4.86,0,0.426,6.727,33.5,5.4007,4,281,19.0,396.9,5.29
0.04462,25.0,4.86,0,0.426,6.619,70.4,5.4007,4,281,19.0,395.63,7.22
0.03659,25.0,4.86,0,0.426,6.302,32.2,5.4007,4,281,19.0,396.9,6.72
0.03551,25.0,4.86,0,0.426,6.167,46.7,5.4007,4,281,19.0,390.64,7.51
0.05059,0.0,4.49,0,0.449,6.389,48.0,4.7794,3,247,18.5,396.9,9.62
0.05735,0.0,4.49,0,0.449,6.63,56.1,4.4377,3,247,18.5,392.3,6.53
0.05188,0.0,4.49,0,0.449,6.015,45.1,4.4272,3,247,18.5,395.99,12.86
0.07151,0.0,4.49,0,0.449,6.121,56.8,3.7476,3,247,18.5,395.15,8.44
0.0566,0.0,3.41,0,0.489,7.007,86.3,3.4217,2,270,17.8,396.9,5.5
0.05302,0.0,3.41,0,0.489,7.079,63.1,3.4145,2,270,17.8,396.06,5.7
0.04684,0.0,3.41,0,0.489,6.417,66.1,3.0923,2,270,17.8,392.18,8.81
0.03932,0.0,3.41,0,0.489,6.405,73.9,3.0921,2,270,17.8,393.55,8.2
0.04203,28.0,15.04,0,0.464,6.442,53.6,3.6659,4,270,18.2,395.01,8.16
0.02875,28.0,15.04,0,0.464,6.211,28.9,3.6659,4,270,18.2,396.33,6.21
0.04294,28.0,15.04,0,0.464,6.249,77.3,3.615,4,270,18.2,396.9,10.59
0.11504,0.0,2.89,0,0.445,6.163,69.6,3.4952,2,276,18.0,391.83,11.34
0.14866,0.0,8.56,0,0.52,6.727,79.9,2.7778,5,384,20.9,394.76,9.42
0.11432,0.0,8.56,0,0.52,6.781,71.3,2.8561,5,384,20.9,395.58,7.67
0.21161,0.0,8.56,0,0.52,6.137,87.4,2.7147,5,384,20.9,394.47,13.44
0.1396,0.0,8.56,0,0.52,6.167,90.0,2.421,5,384,20.9,392.69,12.33
0.13262,0.0,8.56,0,0.52,5.851,96.7,2.1069,5,384,20.9,394.05,16.47
0.1712,0.0,8.56,0,0.52,5.836,91.9,2.211,5,384,20.9,395.67,18.66
0.13117,0.0,8.56,0,0.52,6.127,85.2,2.1224,5,384,20.9,387.69,14.09
0.12802,0.0,8.56,0,0.52,6.474,97.1,2.4329,5,384,20.9,395.24,12.27
0.26363,0.0,8.56,0,0.52,6.229,91.2,2.5451,5,384,20.9,391.23,15.55
0.10793,0.0,8.56,0,0.52,6.195,54.4,2.7778,5,384,20.9,393.49,13.0
0.10084,0.0,10.01,0,0.547,6.715,81.6,2.6775,6,432,17.8,395.59,10.16
0.12329,0.0,10.01,0,0.547,5.913,92.9,2.3534,6,432,17.8,394.95,16.21
0.22212,0.0,10.01,0,0.547,6.092,95.4,2.548,6,432,17.8,396.9,17.09
0.14231,0.0,10.01,0,0.547,6.254,84.2,2.2565,6,432,17.8,388.74,10.45
0.13158,0.0,10.01,0,0.547,6.176,72.5,2.7301,6,432,17.8,393.3,12.04
0.15098,0.0,10.01,0,0.547,6.021,82.6,2.7474,6,432,17.8,394.51,10.3
0.14476,0.0,10.01,0,0.547,5.731,65.2,2.7592,6,432,17.8,391.5,13.61
0.06899,0.0,25.65,0,0.581,5.87,69.7,2.2577,2,188,19.1,389.15,14.37
0.07165,0.0,25.65,0,0.581,6.004,84.1,2.1974,2,188,19.1,377.67,14.27
0.09299,0.0,25.65,0,0.581,5.961,92.9,2.0869,2,188,19.1,378.09,17.93
0.09849,0.0,25.65,0,0.581,5.879,95.8,2.0063,2,188,19.1,379.38,17.58
0.16902,0.0,25.65,0,0.581,5.986,88.4,1.9929,2,188,19.1,385.02,14.81
0.25915,0.0,21.89,0,0.624,5.693,96.0,1.7883,4,437,21.2,392.11,17.19
0.32543,0.0,21.89,0,0.624,6.431,98.8,1.8125,4,437,21.2,396.9,15.39
0.88125,0.0,21.89,0,0.624,5.637,94.7,1.9799,4,437,21.2,396.9,18.34
0.34006,0.0,21.89,0,0.624,6.458,98.9,2.1185,4,437,21.2,395.04,12.6
1.19294,0.0,21.89,0,0.624,6.326,97.7,2.271,4,437,21.2,396.9,12.26
0.59005,0.0,21.89,0,0.624,6.372,97.9,2.3274,4,437,21.2,385.76,11.12
0.32982,0.0,21.89,0,0.624,5.822,95.4,2.4699,4,437,21.2,388.69,15.03
0.55778,0.0,21.89,0,0.624,6.335,98.2,2.1107,4,437,21.2,394.67,16.96
0.32264,0.0,21.89,0,0.624,5.942,93.5,1.9669,4,437,21.2,378.25,16.9
0.35233,0.0,21.89,0,0.624,6.454,98.4,1.8498,4,437,21.2,394.08,14.59
0.2498,0.0,21.89,0,0.624,5.857,98.2,1.6686,4,437,21.2,392.04,21.32
0.54452,0.0,21.89,0,0.624,6.151,97.9,1.6687,4,437,21.2,396.9,18.46
2.24236,0.0,19.58,0,0.605,5.854,91.8,2.422,5,403,14.7,395.11,11.64
0.13914,0.0,4.05,0,0.51,5.572,88.5,2.5961,5,296,16.6,396.9,14.69
0.09178,0.0,4.05,0,0.51,6.416,84.1,2.6463,5,296,16.6,395.5,9.04
0.08447,0.0,4.05,0,0.51,5.859,68.7,2.7019,5,296,16.6,393.23,9.64
0.06664,0.0,4.05,0,0.51,6.546,33.1,3.1323,5,296,16.6,390.96,5.33
0.07022,0.0,4.05,0,0.51,6.02,47.2,3.5549,5,296,16.6,393.23,10.11
0.05425,0.0,4.05,0,0.51,6.315,73.4,3.3175,5,296,16.6,395.6,6.29
0.06642,0.0,4.05,0,0.51,6.86,74.4,2.9153,5,296,16.6,391.27,6.92
0.10008,0.0,2.46,0,0.488,6.563,95.6,2.847,3,193,17.8,396.9,5.68
0.08308,0.0,2.46,0,0.488,5.604,89.8,2.9879,3,193,17.8,391.0,13.98
0.06047,0.0,2.46,0,0.488,6.153,68.8,3.2797,3,193,17.8,387.11,13.15
0.07875,45.0,3.44,0,0.437,6.782,41.1,3.7886,5,398,15.2,393.87,6.68
0.12579,45.0,3.44,0,0.437,6.556,29.1,4.5667,5,398,15.2,382.84,4.56
0.06911,45.0,3.44,0,0.437,6.739,30.8,6.4798,5,398,15.2,389.71,4.69
0.13642,0.0,10.59,0,0.489,5.891,22.3,3.9454,4,277,18.6,396.9,10.87
0.22969,0.0,10.59,0,0.489,6.326,52.5,4.3549,4,277,18.6,394.87,10.97
0.25199,0.0,10.59,0,0.489,5.783,72.7,4.3549,4,277,18.6,389.43,18.06
0.14052,0.0,10.59,0,0.489,6.375,32.3,3.9454,4,277,18.6,385.81,9.38
0.19802,0.0,10.59,0,0.489,6.182,42.4,3.9454,4,277,18.6,393.63,9.47
0.07013,0.0,13.89,0,0.55,6.642,85.1,3.4211,5,276,16.4,392.78,9.69
0.6147,0.0,6.2,0,0.507,6.618,80.8,3.2721,8,307,17.4,396.9,7.6
0.41238,0.0,6.2,0,0.504,7.163,79.9,3.2157,8,307,17.4,372.08,6.36
0.44178,0.0,6.2,0,0.504,6.552,21.4,3.3751,8,307,17.4,380.34,3.76
0.537,0.0,6.2,0,0.504,5.981,68.1,3.6715,8,307,17.4,378.35,11.65
0.46296,0.0,6.2,0,0.504,7.412,76.9,3.6715,8,307,17.4,376.14,5.25
0.33045,0.0,6.2,0,0.507,6.086,61.5,3.6519,8,307,17.4,376.75,10.88
0.51183,0.0,6.2,0,0.507,7.358,71.6,4.148,8,307,17.4,390.07,4.73
0.08244,30.0,4.93,0,0.428,6.481,18.5,6.1899,6,300,16.6,379.41,6.36
0.09252,30.0,4.93,0,0.428,6.606,42.2,6.1899,6,300,16.6,383.78,7.37
0.11329,30.0,4.93,0,0.428,6.897,54.3,6.3361,6,300,16.6,391.25,11.38
0.10612,30.0,4.93,0,0.428,6.095,65.1,6.3361,6,300,16.6,394.62,12.4
0.1029,30.0,4.93,0,0.428,6.358,52.9,7.0355,6,300,16.6,372.75,11.22
0.12757,30.0,4.93,0,0.428,6.393,7.8,7.0355,6,300,16.6,374.71,5.19
0.20608,22.0,5.86,0,0.431,5.593,76.5,7.9549,7,330,19.1,372.49,12.5
0.19133,22.0,5.86,0,0.431,5.605,70.2,7.9549,7,330,19.1,389.13,18.46
0.33983,22.0,5.86,0,0.431,6.108,34.9,8.0555,7,330,19.1,390.18,9.16
0.19657,22.0,5.86,0,0.431,6.226,79.2,8.0555,7,330,19.1,376.14,10.15
0.16439,22.0,5.86,0,0.431,6.433,49.1,7.8265,7,330,19.1,374.71,9.52
0.19073,22.0,5.86,0,0.431,6.718,17.5,7.8265,7,330,19.1,393.74,6.56
0.1403,22.0,5.86,0,0.431,6.487,13.0,7.3967,7,330,19.1,396.28,5.9
0.21409,22.0,5.86,0,0.431,6.438,8.9,7.3967,7,330,19.1,377.07,3.59
0.08221,22.0,5.86,0,0.431,6.957,6.8,8.9067,7,330,19.1,386.09,3.53
0.29916,20.0,6.96,0,0.464,5.856,42.1,4.429,3,223,18.6,388.65,13.0
0.16211,20.0,6.96,0,0.464,6.24,16.3,4.429,3,223,18.6,396.9,6.59
0.1146,20.0,6.96,0,0.464,6.538,58.7,3.9175,3,223,18.6,394.96,7.73
0.09604,40.0,6.41,0,0.447,6.854,42.8,4.2673,4,254,17.6,396.9,2.98
0.07978,40.0,6.41,0,0.447,6.482,32.1,4.1403,4,254,17.6,396.9,7.19
0.08265,0.0,13.92,0,0.437,6.127,18.4,5.5027,4,289,16.0,396.9,8.58
0.08199,0.0,13.92,0,0.437,6.009,42.3,5.5027,4,289,16.0,396.9,10.4
0.12932,0.0,13.92,0,0.437,6.678,31.1,5.9604,4,289,16.0,396.9,6.27
0.05372,0.0,13.92,0,0.437,6.549,51.0,5.9604,4,289,16.0,392.85,7.39
0.14103,0.0,13.92,0,0.437,5.79,58.0,6.32,4,289,16.0,396.9,15.84
0.03537,34.0,6.09,0,0.433,6.59,40.4,5.4917,7,329,16.1,395.75,9.5
0.09266,34.0,6.09,0,0.433,6.495,18.4,5.4917,7,329,16.1,383.61,8.67
0.05479,33.0,2.18,0,0.472,6.616,58.1,3.37,7,222,18.4,393.36,8.93
0.04932,33.0,2.18,0,0.472,6.849,70.3,3.1827,7,222,18.4,396.9,7.53
0.49298,0.0,9.9,0,0.544,6.635,82.5,3.3175,4,304,18.4,396.9,4.54
0.3494,0.0,9.9,0,0.544,5.972,76.7,3.1025,4,304,18.4,396.24,9.97
0.79041,0.0,9.9,0,0.544,6.122,52.8,2.6403,4,304,18.4,396.9,5.98
0.26169,0.0,9.9,0,0.544,6.023,90.4,2.834,4,304,18.4,396.3,11.72
0.26938,0.0,9.9,0,0.544,6.266,82.8,3.2628,4,304,18.4,393.39,7.9
0.3692,0.0,9.9,0,0.544,6.567,87.3,3.6023,4,304,18.4,395.69,9.28
0.25356,0.0,9.9,0,0.544,5.705,77.7,3.945,4,304,18.4,396.42,11.5
0.31827,0.0,9.9,0,0.544,5.914,83.2,3.9986,4,304,18.4,390.7,18.33
0.24522,0.0,9.9,0,0.544,5.782,71.7,4.0317,4,304,18.4,396.9,15.94
0.40202,0.0,9.9,0,0.544,6.382,67.2,3.5325,4,304,18.4,395.21,10.36
0.47547,0.0,9.9,0,0.544,6.113,58.8,4.0019,4,304,18.4,396.23,12.73
0.1676,0.0,7.38,0,0.493,6.426,52.3,4.5404,5,287,19.6,396.9,7.2
0.18159,0.0,7.38,0,0.493,6.376,54.3,4.5404,5,287,19.6,396.9,6.87
0.35114,0.0,7.38,0,0.493,6.041,49.9,4.7211,5,287,19.6,396.9,7.7
0.28392,0.0,7.38,0,0.493,5.708,74.3,4.7211,5,287,19.6,391.13,11.74
0.34109,0.0,7.38,0,0.493,6.415,40.1,4.7211,5,287,19.6,396.9,6.12
0.19186,0.0,7.38,0,0.493,6.431,14.7,5.4159,5,287,19.6,393.68,5.08
0.30347,0.0,7.38,0,0.493,6.312,28.9,5.4159,5,287,19.6,396.9,6.15
0.24103,0.0,7.38,0,0.493,6.083,43.7,5.4159,5,287,19.6,396.9,12.79
0.06617,0.0,3.24,0,0.46,5.868,25.8,5.2146,4,430,16.9,382.44,9.97
0.06724,0.0,3.24,0,0.46,6.333,17.2,5.2146,4,430,16.9,375.21,7.34
0.05023,35.0,6.06,0,0.4379,5.706,28.4,6.6407,1,304,16.9,394.02,12.43
0.05083,0.0,5.19,0,0.515,6.316,38.1,6.4584,5,224,20.2,389.71,5.68
0.03738,0.0,5.19,0,0.515,6.31,38.5,6.4584,5,224,20.2,389.4,6.75
0.03961,0.0,5.19,0,0.515,6.037,34.5,5.9853,5,224,20.2,396.9,8.01
0.03427,0.0,5.19,0,0.515,5.869,46.3,5.2311,5,224,20.2,396.9,9.8
0.03041,0.0,5.19,0,0.515,5.895,59.6,5.615,5,224,20.2,394.81,10.56
0.03306,0.0,5.19,0,0.515,6.059,37.3,4.8122,5,224,20.2,396.14,8.51
0.05497,0.0,5.19,0,0.515,5.985,45.4,4.8122,5,224,20.2,396.9,9.74
0.06151,0.0,5.19,0,0.515,5.968,58.5,4.8122,5,224,20.2,396.9,9.29
0.01301,35.0,1.52,0,0.442,7.241,49.3,7.0379,1,284,15.5,394.74,5.49
0.02498,0.0,1.89,0,0.518,6.54,59.7,6.2669,1,422,15.9,389.96,8.65
0.03113,0.0,4.39,0,0.442,6.014,48.5,8.0136,3,352,18.8,385.64,10.53
0.02899,40.0,1.25,0,0.429,6.939,34.5,8.7921,1,335,19.7,389.85,5.89
0.06211,40.0,1.25,0,0.429,6.49,44.4,8.7921,1,335,19.7,396.9,5.98
0.17331,0.0,9.69,0,0.585,5.707,54.0,2.3817,6,391,19.2,396.9,12.01
0.27957,0.0,9.69,0,0.585,5.926,42.6,2.3817,6,391,19.2,396.9,13.59
0.17899,0.0,9.69,0,0.585,5.67,28.8,2.7986,6,391,19.2,393.29,17.6
0.2896,0.0,9.69,0,0.585,5.39,72.9,2.7986,6,391,19.2,396.9,21.14
0.26838,0.0,9.69,0,0.585,5.794,70.6,2.8927,6,391,19.2,396.9,14.1
0.23912,0.0,9.69,0,0.585,6.019,65.3,2.4091,6,391,19.2,396.9,12.92
0.17783,0.0,9.69,0,0.585,5.569,73.5,2.3999,6,391,19.2,395.77,15.1
0.22438,0.0,9.69,0,0.585,6.027,79.7,2.4982,6,391,19.2,396.9,14.33
0.06263,0.0,11.93,0,0.573,6.593,69.1,2.4786,1,273,21.0,391.99,9.67
0.04527,0.0,11.93,0,0.573,6.12,76.7,2.2875,1,273,21.0,396.9,9.08
0.06076,0.0,11.93,0,0.573,6.976,91.0,2.1675,1,273,21.0,396.9,5.64
0.10959,0.0,11.93,0,0.573,6.794,89.3,2.3889,1,273,21.0,393.45,6.48
0.04741,0.0,11.93,0,0.573,6.03,80.8,2.505,1,273,21.0,396.9,7.88