CRIM,ZN,INDUS,CHAS,NOX,RM,AGE,DIS,RAD,TAX,PTRATIO,B,LSTAT
0.62976,0.0,8.14,0,0.538,5.949,61.8,4.7075,4,307,21.0,396.9,8.26
0.02498,0.0,1.89,0,0.518,6.54,59.7,6.2669,1,422,15.9,389.96,8.65
0.05188,0.0,4.49,0,0.449,6.015,45.1,4.4272,3,247,18.5,395.99,12.86
0.03427,0.0,5.19,0,0.515,5.869,46.3,5.2311,5,224,20.2,396.9,9.8
0.06642,0.0,4.05,0,0.51,6.86,74.4,2.9153,5,296,16.6,391.27,6.92
0.13914,0.0,4.05,0,0.51,5.572,88.5,2.5961,5,296,16.6,396.9,14.69
1.25179,0.0,8.14,0,0.538,5.57,98.1,3.7979,4,307,21.0,376.57,21.02
0.10084,0.0,10.01,0,0.547,6.715,81.6,2.6775,6,432,17.8,395.59,10.16
0.11504,0.0,2.89,0,0.445,6.163,69.6,3.4952,2,276,18.0,391.83,11.34
0.19133,22.0,5.86,0,0.431,5.605,70.2,7.9549,7,330,19.1,389.13,18.46
0.19186,0.0,7.38,0,0.493,6.431,14.7,5.4159,5,287,19.6,393.68,5.08
0.26938,0.0,9.9,0,0.544,6.266,82.8,3.2628,4,304,18.4,393.39,7.9
0.1029,30.0,4.93,0,0.428,6.358,52.9,7.0355,6,300,16.6,372.75,11.22
0.02875,28.0,15.04,0,0.464,6.211,28.9,3.6659,4,270,18.2,396.33,6.21
0.18159,0.0,7.38,0,0.493,6.376,54.3,4.5404,5,287,19.6,396.9,6.87
0.3494,0.0,9.9,0,0.544,5.972,76.7,3.1025,4,304,18.4,396.24,9.97
0.03961,0.0,5.19,0,0.515,6.037,34.5,5.9853,5,224,20.2,396.9,8.01
0.98843,0.0,8.14,0,0.538,5.813,100.0,4.0952,4,307,21.0,394.54,19.88
0.1265,25.0,5.13,0,0.453,6.762,43.4,7.9809,8,284,19.7,395.58,9.5
0.24103,0.0,7.38,0,0.493,6.083,43.7,5.4159,5,287,19.6,396.9,12.79
0.25915,0.0,21.89,0,0.624,5.693,96.0,1.7883,4,437,21.2,392.11,17.19
0.06263,0.0,11.93,0,0.573,6.593,69.1,2.4786,1,273,21.0,391.99,9.67
0.06076,0.0,11.93,0,0.573,6.976,91.0,2.1675,1,273,21.0,396.9,5.64
0.06151,0.0,5.19,0,0.515,5.968,58.5,4.8122,5,224,20.2,396.9,9.29
0.19073,22.0,5.86,0,0.431,6.718,17.5,7.8265,7,330,19.1,393.74,6.56
0.32982,0.0,21.89,0,0.624,5.822,95.4,2.4699,4,437,21.2,388.69,15.03
0.15936,0.0,6.91,0,0.448,6.211,6.5,5.7209,3,233,17.9,394.46,7.44
0.09744,0.0,5.96,0,0.499,5.841,61.4,3.3779,5,279,19.2,377.56,11.41
0.40202,0.0,9.9,0,0.544,6.382,67.2,3.5325,4,304,18.4,395.21,10.36
0.85204,0.0,8.14,0,0.538,5.965,89.2,4.0123,4,307,21.0,392.53,13.83
0.09512,0.0,12.83,0,0.437,6.286,45.0,4.5026,5,398,18.7,383.23,8.94
0.09252,30.0,4.93,0,0.428,6.606,42.2,6.1899,6,300,16.6,383.78,7.37
0.08199,0.0,13.92,0,0.437,6.009,42.3,5.5027,4,289,16.0,396.9,10.4
0.06899,0.0,25.65,0,0.581,5.87,69.7,2.2577,2,188,19.1,389.15,14.37
0.05302,0.0,3.41,0,0.489,7.079,63.1,3.4145,2,270,17.8,396.06,5.7
0.17899,0.0,9.69,0,0.585,5.67,28.8,2.7986,6,391,19.2,393.29,17.6
0.3692,0.0,9.9,0,0.544,6.567,87.3,3.6023,4,304,18.4,395.69,9.28
0.29916,20.0,6.96,0,0.464,5.856,42.1,4.429,3,223,18.6,388.65,13.0
0.16902,0.0,25.65,0,0.581,5.986,88.4,1.9929,2,188,19.1,385.02,14.81
0.26363,0.0,8.56,0,0.52,6.229,91.2,2.5451,5,384,20.9,391.23,15.55
0.34006,0.0,21.89,0,0.624,6.458,98.9,2.1185,4,437,21.2,395.04,12.6
0.06211,40.0,1.25,0,0.429,6.49,44.4,8.7921,1,335,19.7,396.9,5.98